full_text,klasifikasi,klasifikasi_bayes
said didu nilai ikn pindah tukang bakso jakarta ibu kota baru bukan pindah pusat ekonomi,netral,netral
coba bandar suruh bangun ikn lolosaman operasi,netral,netral
ada kata selain keren bisa deskripsi pln bangun ikn,netral,netral
hidup sdsb sumbang dana sosial hadiah menyalesaikan ikn pada uang rakyat indonesia lari ln lewat judol,netral,netral
salah data ppatk kutip duit segitu kalau embat cukup bangun ikn,netral,netral
hahaha sekali studi banding pyramid buat ikn,positif,netral
prof h m amien rais ma ketua majelis sayaura partai umat skandal politik fatamorangana nama ikn ikn pasti mangkrakkrak ada imvestor luar tarik investor negeri ecekecek kuasa jokowi akn cabut uu ada raison detre,netral,netral
kata presiden jokowi investor asing sdh antri masuk ikndari singapura jepang masak bohong,netral,netral
siapa sini takjub takjub bangun ikn saya,netral,netral
juga isi ikn spt apa sebut si bulemrk kumpul disanamrk mrk sajapejabat eksekutif legislatif yudikatif jabat tinggi rendah jejak rekam putar itu spt kata si bulemasih yang sangkal yang dukung wowo wiwi,netral,netral
prof h m amien rais ma ketua majelis sayaura partai umat skandal politik fatamorangana nama ikn ikn pasti mangkrakkrak ada imvestor luar tarik investor negeri ecekecek kuasa jokowi akn cabut uu ada raison detre,netral,netral
hoaks kpk bongkar dana tapera gelap ikn,netral,netral
kalau ikn jauh bgt cepat aku jkt pada sana yaudah hiking ke hallasan sambil ikutin orang honeymoon,netral,netral
padahal ikn lebih vulnerable,negatif,netral
prof h m amien rais ma ketua majelis sayaura partai umat skandal politik fatamorangana nama ikn ikn pasti mangkrakkrak ada imvestor luar tarik investor negeri ecekecek kuasa jokowi akn cabut uu ada raison detre,netral,netral
ancang konsep ikn kritik pedas realisasi bijak jokowi makin lenceng etidak logis,netral,netral
indonesia emas omon omon beras amp tenaga listrik impor bgmn penuh butuh kalau ikn jadi orde lama bikin plta karangkates amp jatiluhur resmi orba orba tambah saguling ten panas bumi kamojang plta jokowi,netral,netral
masalah jadi ikn ialah sulit tarik investor ikn dasar bijak sudah keliru sejak awal,netral,netral
kerja ap gmn ikn,netral,netral
pasti prabowo kalang kabut bayar utang segala rusa sengaja tinggal jokowi garagara jkw makan siang gratis hingga ikn ancam nasib perintah prabowo ujung tanduk,netral,netral
ikn yuu mas,netral,netral
prof h m amien rais ma ketua majelis sayaura partai umat skandal politik fatamorangana nama ikn ikn pasti mangkrakkrak ada imvestor luar tarik investor negeri ecekecek kuasa jokowi akn cabut uu ada raison detre,netral,netral
moga ikn jadi spt hambalang,netral,netral
kurban jokowi mana biasa jelang idul adha jokowi umbar berita kurban sapi daerah tentu berat ton tahun ga dengar berita mungkin tidak tau habis dana buat ikn bansos milu sekali aje,netral,netral
pupr klaim sarana prasarana ikn siap hut merdeka presiden tempat istana,netral,netral
emang starlink jadi masuk ikn,netral,netral
ngakak kuasa usaha tutuptutupi alas ikn siap an semua orang tau bro,negatif,netral
bulan jelang agustus ikn centang renang mula jokowi target upacara merdeka tahun laksana ibu kota negara baru,netral,netral
bisa tuntut laku ikn tetang manfaat guna uang rakyat yah,netral,netral
jokowiprabowo upacara agustus ikn ma ruf amingibran upacara jakarta,netral,netral
sprti makanya lbh penting ketimbang ikn,netral,netral
terus ya maksa bangun ikn,netral,netral
lebih mungkin ikn mangkrak,netral,netral
mas ngomong bahlildari awal ngak lanjut ngak sampe pak lurah turunyang niat terusin ikn cm pak lurahpak wowo ngak mau tuch,netral,netral
fokus pada jalar politik dinasti konsesi tambang ormas kasus firli bahuri judol ikn amburadul rupiah terjun bebas bagibagi jabat,netral,netral
sih modus asli netizen oposisi terlalu keren rezim kuat menghadangnya,netral,netral
negara keluarga rezim jokowismejokonesia nkrj ibukotanya ikn ibukota koruptor amp nepotisme,netral,netral
sby punya hambalang jokowi ikn,netral,netral
proyak ikn ancam mangkrak apbn sisa rp triliun investor asing tarik,netral,netral
ikn the second hambalang nasiib nasib,netral,netral
otorita ikn bilang ridwan kamil bilang bulan sudah kaya jakarta maklum banyak jabat rangkap jadi tukang sulap,netral,netral
progres bangun bandara ikn nusanantia terus jalan ini landas pacu runway bandara mulai aspal,netral,netral
progres bangun bandara ikn nusanantia terus jalan ini landas pacu runway bandara mulai aspal,netral,netral
progres bangun bandara ikn nusanantia terus jalan ini landas pacu runway bandara mulai aspal,netral,netral
joko widodo laku leta batu pertama bangun pusat ekosistem transisi energi layan digital pertama besar tanah air pln hub jantung ikn nusanantia rabu,netral,netral
lihat nanti ikn jadi apa kagak usah pesimis,netral,netral
bule ikn bukan,netral,netral
akan ikn jadi hambalang dua,netral,netral
hutan sekalimantan babat buat ikn,netral,netral
bukan china erick thohir timba ilmu bangun pusat uang ikn uea,netral,netral
ingat jangan lupa dolar atas rb sayaarat batas umur jadi wakil gubernur rubah ikn nyata ada investor maaf berita teroris gak percaya,netral,netral
selamat datang kepala mu tolol pidato jkw depan sidang mpr harus laku ibukota negara upaca an ikn simbol tol perintah bukti jkw tak berani tanda tangan pres pindah ibukota,netral,netral
ikn siapa,netral,netral
apa kata om bule fakta bukan ilusi masih percaya datang ke ikn,netral,netral
investasi kang melon ikn cabut heboh coba,netral,netral
masa ikn jadi guna bahlil mahaguru preman akhir presiden sendiri sambi jadi sales,netral,netral
edukasi edukasitapi yasekali gabisa bedain bogor sama ikn wowkwkwkw lucu dong bacot masalah ikn yang ditunjukin malah proyak rumah bogor,netral,netral
kalau jadi prioritas korban rakyat tambah melarat krn apbn sedot ikn,netral,netral
pantas wiwi ngotot mau bangun ikn wiwi cina pantas wowo duwet gibran wowo cokin kalauplah sekalimantan dulu incar aseng,netral,netral
kalau wowo mau periode ikn mesti disingkirin dulu,netral,netral
lah iya lah istana merdeka besar sejarah semua presiden negara diri pati istana tsb lah ikn jelas,netral,netral
nilai transaksi judi online cs tembus rp triliun anggar bangun ikn lewat,netral,netral
beliau mah dibilangin ikn banyak ngantri mau jd investor sama anak buah percaya sama pakar percaya bgt tuh,netral,netral
sikap video sempat viral kait sabut ikn ibukota koruptor nepotisme akhir om bule angkat bicara,netral,netral
bapenas mau ngga mau libat baik ikn sukses maupun gagal uu mula sanahehe,netral,netral
progres bangun bandara ikn nusanantia terus jalan ini landas pacu runway bandara mulai aspal itu uji coba kereta rel autonomous rail transit art akan segera laksana,positif,positif
progres bangun bandara ikn nusanantia terus jalan ini landas pacu runway bandara mulai aspal itu uji coba kereta rel autonomous rail transit art akan segera laksana,positif,positif
progres bangun bandara ikn nusanantia terus jalan ini landas pacu runway bandara mulai aspal itu uji coba kereta rel autonomous rail transit art akan segera laksana,positif,positif
progres bangun bandara ikn nusanantia terus jalan ini landas pacu runway bandara mulai aspal itu uji coba kereta rel autonomous rail transit art akan segera laksana,positif,positif
progres bangun bandara ikn nusanantia terus jalan ini landas pacu runway bandara mulai aspal itu uji coba kereta rel autonomous rail transit art akan segera laksana,positif,positif
ga ikn maksa apa gimana,netral,netral
ikn kota cerdas transportasi cerdas,netral,netral
km ad proyak ap ikn,netral,netral
kalau benar data bank dunia arti penyabab ada investor asing ikn takut dana korupsi,netral,netral
siapa mau ngatur mukidi banci kere blekenapa dongoook cocot jorong wc kayak kamu sll bcr kapasitas jabat mukidi anda mukidi tiggl ikn hrs bcr kapasitas jbatan lbh dekat sm presiden pilih kan baguskatanya nasehat orang dungu jd nasehat,netral,netral
jokowi bahlil ber haluancukup satu kata kasihan ikn,netral,netral
ikn jadi pionir transportasi cerdas,netral,netral
ikn jadi pionir transportasi cerdas,netral,netral
ikn jadi pionir transportasi cerdas,netral,netral
nunggu buat vlog ikn kek perna buat vlog hambalang,netral,netral
mulai saat ingat catat nama bangsat dukung mati ikn hanya jilat sangat junjung krn junjung kuasa ikn mangkrak mulut paling manis tuding salah proyak ikn lihat bahlil ahy rkamil,netral,netral
ikn kota pionir transportasi cerdas,netral,netral
teknologi ikn nusanantia jadi lebih hijau bersih,netral,netral
daftar konglomerat indonesia jadi investor ikn,netral,netral
kalau kait sama emak bull gmn kan emak bull mau gas bangun ikn nyattttt,netral,netral
curiga bukan masayaarakat hukum adat beneran malah kaya yang bagi remahremah ikn,netral,netral
usah kait sm soekarno soekarno bukan tipu kayak mukidi soekarno bukan khianat sprti mukidi soekarno rakus tamak sprti mukidi soekarno bukan pribadi bs setir sprti mukidi ikn proyak kkn mukidi menko saurus culik,netral,netral
jokowi lengser bln okt ikn bpotensi tlananti proyak ikn bsaing dg makan siang gratis utang jatuh tempo t impor bbmlpg bansos impor sembako lemah rupiah amp proyak semenantia dapat nasionaltarget apbn depan lt rban t,netral,netral
dan sumadilaga pupr sedia air listrik gas internet ikn siap agustus,netral,netral
menteri investasi kepala bkpm bahlil lahadalia bantah ada investor asing ikn,netral,netral
ibu kota nusanantia guna transportasi cerdas,netral,netral
bentuk ikn baru sulit jadi calon kota jauh bagai aktifitas sama hal hadap banyak sulit duduk,netral,netral
uji coba kereta rel autonomous rail transit art ikn segera laksana,positif,netral
ikn prioritas investor lokal asing susul klik link baca,netral,netral
menteri investasi kepala bkpm bahlil lahadalia kata masalah lahan jumlah duduk jadi tanya investor akan masuk ikn bahlil ban ada investor asing akan masuk ikn,netral,netral
erick thohir timba ilmu dubai bangun pusat uang ikn,netral,netral
negara ada ikn,netral,netral
kini bisnis tugas khusus bambang susantono ikn cara cek sertifikat tanah online,netral,netral
tuh ngegertak doang kak tau sendiri netizen x lebih kritis banding ig sosmed lain yang kmrn berita soal lay off besar kait utang pindah ikn,netral,netral
habis segitu hutang jadi ribu t sebar benar lebih itu jelas hutang nambah ribu nyata ikn serap t aneh g si,netral,netral
ibu kota nusanantia guna transportasi cerdas,netral,netral
uji coba kereta rel autonomous rail transit art ikn segera laksana,positif,netral
bangun ikn tetap jalan tidak turun target kaesang ipar maut kominfo offside arafah,netral,netral
kalau mau negara untung legalin judi offline bal rumayan kan buat nombok ikn jangan kayak tolol malah mau beri bansos laku judi online,netral,netral
mudah kirim cargo ikn minex logistics butuh kirim cargo ikn minex logistics jago nikmat kirim ribet sama,netral,netral
fokus ikn alibi judi online besok terrorists israel repeat,netral,netral
luar biasa progres upacara laku ikn,netral,netral
punya ide pindah ikn baoaknya si emak jokowi menjalanlan perintah emak ntuk mindahin ikn paham lu anjing,netral,netral
kang kibul kang jual tanah rakyat ikn,netral,netral
sampe ikn,netral,netral
progres bangun bandara ikn terus jalan,netral,netral
uji coba kereta rel ikn segera laksana,netral,netral
ikn adab baru nasionalisme ipar maut kaesang arafah anies offside,netral,netral
judi online pelihara korban dapet bansos dollar sekian kalau makin naik apa rem tapi kata ama ikn ada investor nambah beban urgent bisa tunda dulu ambisi bapak tau dah ga paham konsep,netral,netral
bangun kantor presiden ikn capai persen siap guna juli kaesang ipar maut arafah anies offside,netral,netral
istana presiden ikn siap tempat presiden agustus kaesang ipar maut arafah offside anies,netral,netral
menteri pupr siap sarana dasar ikn tarik investor asing kaesang ipar maut arafah anies joko anwar,netral,netral
apbn sisa rp t amp investor asing kosong ikn ancam mangkrak lewat news,netral,netral
air baku ikn punya unggul langsung minum offside kaesang arafah ipar maut kominfo,netral,netral
presiden ri bapak joko widodo laku leta batu pertama bangun pln hub ikn nusanantia pln kembang pln hub akan jadi kawasan integrated renewable energy zone,netral,netral
ikn baik masa depan ibu kota negara maju,netral,netral
pantes tapera tapera duit buat ikn kurang yaaa,netral,netral
bangun infrastruktur jalan jembatan waduk terminal bandara ikn,netral,netral
terima kasih motorola ikn nusanantia lebih aman dukung,netral,netral
ikn tetap nomor satu,netral,netral
kena amuk kecil tanya mau kerja jawab ikn,netral,netral
ikn proyak bodoh rugi negara hanya buat rakyat makin sengsara pajak potong aneh,netral,netral
mungkin video om bule tiktok bukti betapa bahagia masayaarakat tinggal dekat ikn,netral,netral
bongkar korupsi anggar ikn,netral,netral
menteri bahlil ungkap hingga ini ada investasi asing ikn,netral,netral
baru tahu ikn panjang ibukota koruptor nepotisme,netral,netral
nah buat jabat negri yang suka menclamencle baca renung hari jangan suka isuk dele sore tempe ya kata iya kata tidak lebih dari si jahat investor ikn banyak,netral,netral
harus takut kabar prabowo prioritas kn ikn lg mskan siang gratis biar jelek muka lbp pt toba sejahtera kabar bnyk job proyak sana,netral,netral
ikn kota cerdas transportasi cerdas,netral,netral
ting makan siang gratis ikn,netral,netral
ting ikn jadi,netral,netral
perintah bisa buka judol uang putar bangun ikn,netral,netral
pentidak ada ev ikn nusanantia tak asal perintah juga pihak swasta,netral,netral
progres bangun bandara ikn nanti kawasan ikn nusanantia untuk kendara listrik electric vehicle ev,netral,netral
oikn sebut raya hut ri ikn jadi upacara selamat datang,netral,netral
itu uji coba kereta rel autonomous rail transit art akan segera laksana,positif,positif
pakdhe rakyat rakyat kecil solo jokowi kita blusukan jalan tol pakdhe ikn pakdhe jokowi lunas utang negara,netral,netral
goro benar jadi istana ikn bangun hindar segala macam bentuk demo protes rakyat lap lindung,netral,netral
solusi sita aset marketingnya ikn selalu bilang investor ikn oversubscribed miskin proses sesuai hukum semua buat balikin apbn dia pake beres,netral,netral
ikn penuh dusta yakinn sial alkadhibuajzun bohong sial nabisa check out tv tempos video,netral,netral
hitung video kog bu dewan maksudanya bangun ikn anggar apbn t habis t sisa itu t bu ada investor asing ada investor lokal itu dar groundbreaking jadi sisa t tahun depan apa,netral,netral
apa beda ikn kkn bagaimana hubung anantia ikn kkn beda huruf depan,netral,netral
denger florenrino perez tim cook sama elon musrik mau inves ikn,netral,netral
bangun ikn hanya siap infrastruktur lingkung tetapi manusia,netral,netral
naon sok rariweuh wae krn cuma invest m ikn,netral,netral
bangun training center timnas indonesia ikn makan biaya rp miliar bal united training center biaya konstruksi buat tiga lapang rp miliar belum masuk lahan lain,negatif,netral
andai dana apbn guna ikn alih bangun pabrik pupuk andai subsidi motor listrik alih subsidi pabrik pupuk kami mudah dapat pupuk murah kualitas kami hasil panen limpah,netral,netral
hutang puluh ribu triliun rupiah nepotisme gudang koruptor the mangkrak ikn bandara kertajati yang spesial ngibul sdh rajalela,netral,netral
akhir kasih kerja ada proyak nyari job ngintili jaksa sekali ngalihin isu utang ikn nyari dana investor,netral,netral
tahun ikn baru hun,netral,netral
perintah marah elon investasi indonesia padahal mau buat bayar proyak ikn,netral,netral
tanda suruh pindah ikn karna gedung tua jangan harap bangun uang pajak masayaarakat krna ikn bangun pusat perintah,netral,netral
mantap lanjut bangun ikn terus tarik minat investor baik lokal maupun internasional,netral,netral
woi kntl investor unlimitted fund kmn loe sebut tu dah masuk gak yang sakit hati kntl duit yang pakai ikn jg duit klu hny pakai duit loe bodoh,netral,netral
ikan paus ikn tongkol hati panas dongkol,netral,netral
ikn jadi latih urban warfare,netral,netral
ikn mangkrak sayaukurlah moga pak prabowo lbh prioritas didik sehat tani kesejahtraan rakyat ketimbang melanjuntukan ambisi pribadi jokowi bangun ikn,netral,netral
upacara ingat hut ri agustus ibu kota nusanantia ikn bakal pimpin presiden joko widodo harap pak tidur istana negara ikn kalau presiden ngga mau tinggal istana ikn bgmn orang mau percaya,netral,netral
sok tau loe yuk taroan ama gue kalau ikn bakal jadi mangkrak,netral,netral
ikn mangkraksayaukurlah moga pak prabowo lbh prioritas didik sehat tani kesejahtraan rakyat ketimbang melanjuntukan ambisi pribadi jokowi bangun ikn,netral,netral
harap sdsb untuk menyalesaikan ikn pada uang rakyat indonesia lari ln lewat judol,netral,netral
kalau ikn minimal punya patriot ato s ato pesawat cegat mins,negatif,netral
se butuh ikn butuh masayaarakat sejahtera hoy,netral,netral
buruh serabutan banyak candu judol bro jadi mending bantu buat anak upa spp gratis,netral,netral
gue harap ikn jadi proyak hambalang jilid biar dinasti jokowi engga kabur demo rakyat,netral,netral
rektor dulu tahun,netral,netral
iya duit ikn sama so called makan siang gratis jadi modernisasi alutsista kalau pentidak ada alutsista gue ikhlas tidak ikn makan siang gratis,netral,netral
tuju kyai menyasuaikan ikn pada uang rakyat indonesia lari ln lewat judol,netral,netral
gegayaan nyari air sampe mars buat kirim ikn mahal ongkirnya tong,netral,netral
ikn nusanantia jadi contoh kota panti teknologi ramah lingkung,netral,netral
jangan tidak adaada kamu min orang nomor satu ikn bilang baikbaik kenapa,netral,netral
jangan jangan ikn tempat lebih dekat china indo anggap china bukan ancam jika iya terus apa kabar kep natuna,netral,netral
ibukota korupsi nepotisme,netral,netral
peristiwa bukti warga ikn hidup bahagia,netral,netral
gpp tahun depan dpr jokowi para menteri pindah ikn,netral,netral
tahniah indonesia maju moga semua mudah tuhan akan unjung ikn satu hari salam harmoni ipoh perak malaysia,netral,netral
gausah tinggi kalau bikin program ribu orang tinggal bawah kolong jembatan lama puluh tahun ada ribu anak ngemis tiap hari jalan apa susah bangun rusun pindahin mrk kesana biar hidup lbh layak malah bangun ikn tidak ada manfaat rakyat,netral,netral
ikn sampah ikn proyak gagal,netral,netral
kalau benci jokowi periode plus pilkada dki coblos jangan frame cuit bawah diksi bencijadi jadi ikn bukan urus kturusan kita adlh kerja bener taat bayar pajak tuju kon gess kalau lambai tangan kamera,netral,netral
misi tuntas hercules aa sukses bawa mesin pompa air china ikn darat lancar lanud dhomber,netral,netral
misi tuntas hercules aa sukses bawa mesin pompa air china ikn darat lancar lanud dhomber,netral,netral
ikn kercep jkt sby maksi gratis,netral,netral
menteri jokowi beda dapat soal investor asing ikn kaltim suharso lurus nyata bahlil lewat,netral,netral
bikin ikn pake apbn investor blom yang masuk bjirr lah ndobosmu bran bran ncen hancokk,netral,netral
kolaborasi anantia otorita ikn motorola solution inc tag ipar maut arafah anies jerman kaesang harga bagus banget joko anwar siang bansos idul adha,netral,netral
otorita ikn tidak adakan latih soft skill kewirausahaan laku umkm wilayah ikn tag ipar maut arafah anies jerman kaesang harga bagus banget joko anwar siang bansos idul adha,positif,netral
ganti pimpin otorita ikn kurang minat investor tag ipar maut arafah anies jerman kaesang harga bagus banget joko anwar siang bansos idul adha,netral,netral
bambang susantono urus ikn hingga rumor soal gaji tak bayar,netral,netral
kalau jokowi bicara hasil beda pernah bilang ekonomi roket nyata nyungsep esemka produksi nyata investor asing banyak masuk ikn nyata iniil yang tahu,netral,netral
tu sumbangsih iq kak jadi gabisa bedain anantia ikn sm sekalimantan,netral,netral
ikn buat tempat latih tempur,netral,netral
dollar hampir rp cicil utang makin dekat waktu bunga cicil udah uras apbn terus bangun ikn pakai uang apa apa lu mau indonesia jadi negara gagal,netral,netral
teknologi akan buat ikn nusanantia lebih siap hadap tantang lingkung,netral,netral
arti akhir periode ikn selesai,netral,netral
oikn nusanantia sabut ini sembilan investor telah masuk biaya proyak ikn jalan terus,netral,netral
kendara listrik izin kawasan dengan pentidak ada perintah swasta,netral,netral
kawasan akan isi kendara listrik perintah swasta jadi kota modern ramah lingkung,positif,netral
kendara listrik dominasi kawasan dukung perintah pihak swasta,netral,netral
ikn bukan prioritas buat pak prabowo hanya proyak nama jokowi kenang duit buat ikn terlalu besar mending buat didik murahgratis sesuai janji kampanyanya,netral,netral
mr lilbah antiklimaks hasil gaet investor ikn jelang bulan tuju upacara agustus besar mungkin munas si yallow ada stlh kabinet baru lantik mana power pakde saat tiba,netral,netral
ikn bas listrik,netral,netral
bangun bandara,netral,netral
ikn lah,netral,netral
mk khilangan marwahnya ikn makin jelas pembangunannyaprabowo lbh penting makan gratis gizi anak ikn cuma gelintir orang tinggal disanarupiah anjlok level tinggi masih bawah padab kata,netral,netral
haa haa haa memang si bule bilang apa ikn lapor pihak wajib,netral,netral
dunia didik ambyar nilai tukar rupiah ambyar ikn kelar bijak baru barbar heran gw ama perintah kerja apa sekal kritik belibet bela,netral,netral
susai bocor ikn rem v mantab pak,netral,netral
waduhhhhini gmn cuma ikn yang batidakankasian sodaraku sehat selalu sodaraku,netral,netral
moga bangun ikn jalan lancar aman sentosa harap tempat sampah area ikn mudah temu masayaarakat lebih mudah buang sampah tempat maju terus indonesia,netral,netral
kalau jabat baper ga mau kritik lebih baik jangan jadi jabat kalau ikn koment buat koruptor nepotisme lalu jabat marah arti di bilang benar dong,netral,netral
ikn siap riah hut ri lapang baru,netral,netral
blok gblk makin gblk gw bahas cari follower kalau mau cari follower jelas mending puji ikn dukung rakyat indo overproud gblk piara,netral,netral
harap sdsb untuk menyalesaikan ikn pada uang rakyat indonesia lari ln lewat judol,netral,netral
hutang gunung korupsi parah demokrasi hancur bumn bangkrut miskin naik didik nasional amburadul ikn bakal mangkrak monumen ikn bansos kacau balau kkn gila,netral,netral
berita lg susah orang cari kerja sudah kerja kelakuanya gak iklas kerja coba suruh ke ikn adon cement barangsekali jobdescnya,netral,netral
nomor lihat bahkan beberapa bulan jelang lantik pernah sekal singgung ikn,netral,netral
baca bro biar goblog bogor bukan di ikn,netral,netral
ikn sukses bangun jangan sampe ada istilah bonek van solo,netral,netral
kata dukung anis pinter pinter mau digoblokin sama bule proyak rumah bogor bukan proyak ikn fyi ikn saat belum kunjung warga sipil,netral,netral
harap sdsb untuk menyalesaikan ikn pada main judol uang rakyat indonesia lari ln,positif,netral
yakinnlah ikn pasti wujud atau restu rang orang,netral,netral
ngecam lu mending bantuin kuproy ikn ngecor tiang,netral,netral
ikn juga jadi kota mati kalau bukan warga situ nempatin di geber investor ada mau masuk awowkenapa malah ngorbanin rakyat pajak naik pas tuhan ngasih bagi otak akal kayak lu hadir jadi gblk,netral,netral
gelihat bisnis properti ikn,netral,netral
pindah ikn ogah sok sok nyuruh orang gaza,netral,netral
ikn bakal jadi candi berhala sendiri mau tinggal situ lebih milih balik solo,netral,netral
progres jadi simbol maju ikn,netral,netral
otorita pindah ikn sekaligus bangun adab baru,netral,netral
bangun ibu kota ga cmn bikin gedung infrastructure doank create ekosistem dukung dari az umek konstruksi baru th gw cukup yakinn kalau rencana yang mo ngantor ikn juli kek makan tengah donut,netral,netral
salahin emak banteng semua jadi skrng tentu atas tuju emak banteng masuk bangun ikn rupa mimpi bapak ngaihahajajajjajja,netral,netral
kritik jg tapi jangan ngehoaks tolol lu ngevlog ikn kata tryta bogor,netral,netral
bangga capai lapang upacara ikn,netral,netral
bangun ikn kaltim halang apbn rocky gerung bukan proyak negara proyak jokowi,netral,netral
kolaborasi anantia otorita ikn motorola solution inc tag ipar maut arafah anies jerman kaesang harga bagus banget joko anwar siang bansos idul adha,netral,netral
otorita ikn tidak adakan latih soft skill kewirausahaan laku umkm wilayah ikn tag ipar maut arafah anies jerman kaesang harga bagus banget joko anwar siang bansos idul adha,positif,netral
ganti pimpin otorita ikn kurang minat investor tag ipar maut arafah anies jerman kaesang harga bagus banget joko anwar siang bansos idul adha,netral,netral
tekstil gulung tikar teknologi gulung tikar rupiah gulung tikar gapapa penting ikn simbol bangun negara tetep jalan yakan,netral,netral
netizen asn pindah ikn september oktober jokowi lengser november asn balik ke jakarta anggap rekreasi,netral,netral
gagas pindah ibu kota soekarno apa perlu kubur pindah ikn gaya berfikir elu ngejelimet dasar sdm rendah jadi presiden prabowo yang tinggal sana amp awal perintah bukan eks presiden paham luh thololllllllll,netral,netral
ikn apa coba ibu kota negara mana,netral,netral
ikn pesan kakak besar tiongkenapa sekali,netral,netral
ikn satu bulan akan jadi mewah dubai moga akuh jd komisaris aamiin,netral,netral
janji politis indo nila fokus prab cuma ikn tetep jalan tadi jadi fokus makan siang jalan ada,netral,netral
dongok lo makin pamerin jink orang agas ikn dia beri contoh dong hayooo lebih semangat pamerin dongok jink,netral,netral
sentil jokowi ancang konsep ikn kecewa berat ibu kota negara serah investor,netral,netral
konteks bahas kenapaa jokowi suruh tinggal ikn sebenanti masa perintah selesai amp ganti prabowo prabowo lah akan ngawal perintah ikn bukan jokowi paham luh thololllllllll ngiahahhabajajjaja,netral,netral
simpan aset sekali usd project kaya ikn bau bau mirip project mercusuar zaman soekarno cuma buat gagah gagah doang,netral,netral
ikn ada tuh wkwkwkkwkwkwkwkwkwkkwkwkwkkwkwkwkwkwkkwkwkwkwkwkwkwkwkkwkwkwkwkwkkwkwkwkwkkwkwwkkwkwkwkwkwkwkkwkwkwkwwkwkkwkwkskkwkwkwkwkwkwkwkkwkwkwkwkwkkwkwkwkwkkwkwkwkwkwkwkkwkwkwkkwkwkwkwkwkkwkwkwkkwkwkwkwkkwkwkwkwkwkwkkwkwkwkwkwkkwkkwkwkwkkwkwkwkwkwkkwkwkwkkwkw,netral,netral
ane tuju tuch ikn ikat khayal ndungu lanjut le langkah loe dah bener,netral,netral
mantab om telah video saya lihat video sbelumya memang ngak sebut pulau tentu sebut ikn ibu kota koruptor,netral,netral
lah kalau minta rumah jakarta or solo terus kenapaa ada harus ntuk tinggal ikn dia ga punya penting dangn perintah kalau jokowi hubung dangn perintah prabowo elu nyinyirin cawecawe kan sablenk elu nyat ngiahaha,netral,netral
candi ikn,netral,netral
langkah adalah bagi visi besar ikn nusanantia masa depan lebih baik,netral,netral
nah kalau kasih rumah yah bebas donk milih aja penting sesuai dangn atur udah tetap skrng aya tanya ngapain jokowi milih tinggal ikn anak cucu di solo kan tholol elu ga mikir jin,netral,netral
eeh dongok baca jokowi kan minta rumah ikn,netral,netral
lebih aman ikn jauh dari negara proxy negara asean potensi gabung utara jauh dari selat malaka potensi bomber cruise missile lebih aman mampu ada mampu negara asean ngadepin musuh utara lebih baik punya bemper dariipada ngga sama sekal,netral,netral
misal gua bahas soal ikn psti aja blg ngapain si ikn ngabisin duit nguntungin jabat blabla gua kayak itu program lanjut elu dukung lu pilih sekarang baru sadar apa gapaham gua tuh heran,netral,netral
napa ni rezim istirahat dolo ikn ja ni apbn boncoss,netral,netral
kendara listrik electric vehicle ev pentidak ada ev ikn nusanantia tak asal perintah juga pihak swasta,netral,netral
uji coba kereta rel segera laksana,netral,netral
teracam malah semua di pajakin ikn,netral,netral
konsep transportasi ikn bas kendara listrik,netral,netral
ikn guna transportasi cerdas,netral,netral
ikn ikat keluarga naga,netral,netral
ikn nusanantia kota pionir transportasi cerdas,netral,netral
kan rumah jokowi solo ngapain maksain beli rumah ikn blog goblok om lu mau jual rumah lu skrng amp beli rumah ikn padahl keluarga lu solo begok bener kadal buduk van banteng kurap,netral,netral
itailiano om bule ogah minta maaf kena semprot vt ikn,netral,netral
luar biasa kerja sama motorola aman ikn nusanantia,netral,netral
nah skrng apa posisi amp peran shingga layak dapat rumah ikn tanya aya enanti kalau nyata jadi tinggal ikn apa elu akan nyinyir udah bukan presiden koq dapet rumah ikn boros lah kan jadi bahan pelintir manusia tholol kaya lo,netral,netral
sig siap penuh butuh bangun ikn konsep lanjut,netral,netral
kata melek politik eh nyata cundang sakit hati ikn jalan terus elu bakal tambah stresss sakit hati kasihan deh elu,netral,netral
kolaborasi anantia otorita ikn motorola solution inc tag ipar maut arafah anies jerman kaesang harga bagus banget joko anwar siang bansos idul adha,netral,netral
kolaborasi anantia otorita ikn motorola solution inc tag ipar maut arafah anies jerman kaesang harga bagus banget joko anwar siang bansos idul adha,netral,netral
otorita ikn tidak adakan latih soft skill kewirausahaan laku umkm wilayah ikn tag ipar maut arafah anies jerman kaesang harga bagus banget joko anwar siang bansos idul adha,positif,netral
ganti pimpin otorita ikn kurang minat investor tag ipar maut arafah anies jerman kaesang harga bagus banget joko anwar siang bansos idul adha,netral,netral
menteri pupr menyalesaikan bangun bendung paku semoi kapasitas liter per detik intake sungai paku kapasitas liter per detik sebut pasok butuh air baku duduk ikn nusanantia,netral,netral
elu bayangin lah dulu bensin lu cuman sekarang jadi bukan uang perintah bikin subsidi penuh butuh rakyat malah dipake bangun ikn dipake buat nutupnutupin biaya makan gratis subsidi motor listrik jg aneh betul bener tuh baik per,netral,netral
pak jokowi sibuk ngurus ikn biar dipake upacara,netral,netral
kawasan ikn jadi wilayah khusus kendara listrik electric vehicle ev pentidak ada asal kerjasama anantia perintah pihak swasta,netral,netral
ikn lah bahlul,netral,netral
kawasan ikn nusanantia jadi area ramah lingkung hanya untuk kendara listrik electric vehicle ev,netral,netral
uji coba kereta rel autonomous rail transit art akan segera laksana nanti kawasan ikn nusanantia untuk kendara listrik electric vehicle ev pentidak ada ev ikn nusanantia tak asal perintah,positif,positif
bangun ikn terus tunjuk kembang positif ini landas pacu mulai aspal tanda kesiap layan terbang masa depan,netral,netral
karyawan phk nti bawa kerja di ikn,netral,netral
kasi kan kutub tinggal bukan ikn,netral,netral
viral video bule ngoceh ibukota koruptor nepotisme satgas sebut lokasi bukan ikn kaltim lewat,netral,netral
progres ikn cermin kolaborasi baik anantia sektor perintah swasta,netral,netral
lah dia ngamuk yah kan emang bnr wkwkwkwk projek ikn aka ibukota hdkdldhdudjdk wkwkwkwk sekarang apbn kata mau ambil buat nutup defisit yah wkwkwkwk,netral,netral
apbn kurang terus rocky gerung usul biaya ikn lalu judi online,netral,netral
iknibukota koruptor nepotisme salut buat si bule,netral,netral
sdh jadi candi ikn,netral,netral
mungkin makan restoran hanya jokowi amp jabat kunjung ikn rakyat kecil amp miskin sekitar ikn bagi cium bau masakan lezat jauh,netral,netral
jalan tol sukabumi longsor nunggu ikn jadi dulu baru lanjut baik,netral,netral
ikn jadi kota pionir transportasi cerdas,netral,netral
ibu kota nusanantia guna transportasi cerdas,netral,netral
mau pindah ikn,netral,netral
sedang viral buah video rekam orang bule wna aku sedang ada ikn ibu kota nusanantia mereview situasi kondisi dia lihat yuk support agar tetap karya klik link trakteer bawah join,netral,netral
hrsnya hapus koar sdh bawa investor triliun ikn tau zonk bodong,netral,netral
nyata investor ikn pindah solo,netral,netral
rocky gerung prediksi prabowo pilih beri makan rakyat ketimbang ikn sinyal perang lawan jokowi,netral,netral
alat transportasi mada depan ikn gaes,netral,netral
proyak ikn nusanantia dukung transformasi ekonomi indonesia arah digitalisasi,netral,netral
kemenpupr pasti air pasok listrik jaring gas hingga jaring internet sedia ikn agustus tahu agustus laku upacara ikn rangka raya hari merdeka indonesia,netral,netral
tondo tondo ikn bukan prioritas makan gratis sekolah industrialisasi mineral indonesia bangun tani bangun sumberdaya manusia tingkat kualitas sdm bidang stem bang,netral,netral
kerjasama bangun ikn motorola bikin ikn nusanantia jadi kota aman,netral,netral
bilang bener kan ikn ibukota korupsi nepotisme emang buat siapa maaf di ikn kos kosan rumah kontra semua cuma buat punya duit,netral,netral
maju pesat lapang upacara ikn selesai,netral,netral
konsep transportasi ikn bas kendara listrik,netral,netral
mti lu supporter allah anak politik lulus hubung internasional dulu kerja baca jurnal nulis esay ekonomi internasional indonesia udah lost cause rupiah turun ikn makan siang gratis nepotisme korupsi semua lo embat,netral,netral
alhamdulillah kalau candi ikn dilanjutin masa rakyat nanggung biaya makan siang gratis sama candi ikn jokowi,netral,netral
jadi belanja negara rang proyak rang masuk ikn makan mandek pns ada uang masuk dagang akan sepi semua bayar hutang negara akan jatuh tempo,netral,netral
konsep transportasi ikn bas kendara listrik,netral,netral
pindah ikn sekalimantan dampak positif tumbuh ekonomi negara,netral,netral
progres bangun bandara ikn nusanantia terus jalan ini landas pacu runway bandara mulai aspal itu uji coba kereta rel,netral,netral
progres bangun bandara ikn nusanantia terus jalan ini landas pacu runway bandara mulai aspal itu uji coba kereta rel,netral,netral
ikn ancam mangkrak proyak bangga jokowi ancam mangkrak investasi asing iniil apbn mulai ngosngosan,netral,netral
tanda anggota dpr minta pindah ikn,netral,netral
progres bangun bandara ikn nusanantia terus jalan ini landas pacu runway bandara mulai aspal itu uji coba kereta rel,netral,netral
pilkada jakarta sumut menteri komisaris ketua otorita ikn,netral,netral
ikn dekat sm teluk balikpapan pas pinggir,netral,netral
hehehekenapa baru sekarang pak lama sibuk pikir layout tempat duduk lapang upacara agustus dengan yah cc,netral,netral
ikm apa ikn mencla mencle ajapagi tahu siang deleambyaaarrr kaleng krupukhahahhaa,netral,netral
bahlil cecar dpr gegara investor asing ikn iniil lewat news,netral,netral
yuk pindah ikn,netral,netral
tanda tanda dpr hra pindah ikn,netral,netral
telusur nyata si bule miskin bikin konten bogor bukan ikn anak abah kaum labu konten sibule otak kerdil,netral,netral
ohhhh jadi bpk kalau pensiun pindah solo hal mana sales ikn kata ikn sentrisnya indonesia kota ter hijau dunia kota bebas polusi banjir macet kota nyaman dsbnya promonya bangun ikn pakai duit ratus triliyunan ngga tarik pak,netral,netral
ekspor apa dulu kalau padat karya boleh ekspor sda lebih jd boncos indonesia dg rusa alam akibat food estate amp ikn sekalimantan timah jg korupsi coba jabar ekspor indonesia tinggi produk apa,netral,netral
waalaikumsalam bagaimana pesan unit ikn kirim siap dubes upacara an,netral,netral
woooybanci kere dongoook siapa tempat tinggal ikn kecuali mukidi ada hubung mukidi pny kapasitas maupun jabat,netral,netral
ikn nusanantia dukung tingkat guna energi bersih ramah lingkung,netral,netral
mesti mimin kasih contoh tinggal ikn lol,positif,netral
progres bangun bandara ikn nusanantia terus jalan ini landas pacu runway bandara mulai aspal itu uji coba kereta rel autonomous rail transit art akan segera laksana nanti kawasan ikn nusanantia untuk,positif,positif
warga padang dukung bangun ikn nusanantia,netral,netral
ikn nusanantia dukung cipta lingkung bisnis inovatif kompetitif,netral,netral
warga pekanbaru dukung bangun ikn nusanantia,netral,netral
hah siapa di ikn coba,netral,netral
warga denpasar awal bangun ikn,netral,netral
progres bangun bandara ikn nusanantia terus jalan ini landas pacu runway bandara mulai aspal itu uji coba kereta rel autonomous rail transit art akan segera laksana nanti kawasan ikn nusanantia untuk,positif,positif
mudah pi network segera jd mata uang global tgl juni besok ikn tetap lanjut,netral,netral
iya fiksi ikn ibukota kakek nenek jadi jangan terlalu sikap sangat serius hehehehe,netral,netral
ikn wujud indonesia maju,netral,netral
habis duit trilyunan masa henti saja terus bangun mau guna apa bangun jadi perintah ikut bagaimana posisi soal ikn,netral,netral
ikn nusanantia dukung kembang sumber daya manusia bidang teknologi informasi,netral,netral
oligarki bisa gampang kendali semua urus negeri sana lokasi cukup remote ketok bijak baru ikn lebih aman ikn steril bagai macam konflik sosial,negatif,netral
kalah hormat nyamen minta jatah menteri bajernya lo percaya bulan mau upacara amp pindah ikn kibulin ko bangga otak bloon,netral,netral
ibu kota nusanantia mengginakan transportasi cerdas upa taksi terbang advanced air mobility,positif,netral
ibu kota nusanantia kota pionir transportasi cerdas,netral,netral
ikn jadi ruang super aman eksklusif orangorang kaya hidup dekat perintah aman lindung aparat akan sentuh lapis masayaarakat kelas bawah bebas konflik horisontal,positif,netral
nanti kawasan ikn nusanantia untuk kendara listrik electric vehicle ev,netral,netral
ikn pentidak ada alutsista makan siang gratis terus terus revisi sesuai janji kampa semua butuh biaya besar mana akan gorok dapat hemat anggar,netral,netral
serius mau ikut cagubcawagub jakarta gak solo dulu yang uda pst kosong tinggal kakak pst menang lah solo tunjuk jd gubernur ikn biar keren cv kenapa maksain banget nyalonin jakarta anggar n fasilitas jakarta memang giur,netral,netral
om bule bilang ikn panjang ibukota koruptor nepotisme well mau ban ga bukti,netral,netral
suara oposisi abai rakyat luar jawa ingin ikn pindah keluar jawa lagi jawa sentris ttapi indonesia sentris indonesia bukan jawa jakarta,netral,netral
hebat motorola aman ikn nusanantia makin jamin,netral,netral
nanti kawasan ikn nusanantia untuk kendara listrik electric vehicle ev,netral,netral
aku likes tweetnya lebih dulu lah nyata gocek kemaren dukung ikn lanjut malah sekarang sambat harihari heran orang kek ini bersayaukur akhir orang kek gitu sadar telat jadi bubur mau sambat mah,netral,netral
langkah besar motorola aman ikn nusanantia,netral,netral
si begok ngotot bingits masalah amp ikn tanya balik apa urgensi jokowi tinggal ikn pasca jabat ada jawab begini refleksi iq nalar ken kuliah sarjana kayak program wan pekob mampu ada tapi teriak kenceng,negatif,netral
pasok listrik air gas hingga internet pasti sedia agustus,netral,netral
ibukota sifat simbolis perintah mana ikn bukan last resort upaya perintah bagi oligarki cipta ruang utopia nanti guna orangorang kaya di republik bagai tempat aman mereka tak sentuh,netral,netral
minta proyak ikn pak,netral,netral
maju lapang upacara ikn sangat membatidakan,netral,netral
skrng aya tanya kapasitas apa kudu tinggal ikn upacara agustus pimpin jokowi terus oktober penyarahanpengalihan kuasa bagai kepala negara baru lalu urgensi jokowi stay di ikn guoblok lalu jabat amp peran apa lol,positif,netral
posisi elu kan sampah masayaarakat mosok iya mau ditempatin ikn,netral,netral
om bule ikn hayalan blaka muka bule heboh bicara fakta viral,netral,netral
ikn nusanantia jadi kota lebih nyaman berkat kelola emisi baik,netral,netral
pas jadi kado buat an ikn monumen sengsara bangsa,netral,netral
waris hutang gemoy jokowi seperti ikn jadi hambalang pak prabowo lebih utama laksana program makan gratis,netral,netral
alhamdulillah ikn runtuh,netral,netral
ikn punya transportasi cerdas,netral,netral
trs sekarang uang minus ikn apa tetap lanjut,negatif,netral
konsep tarik ikn nusanantia,netral,netral
bandara ikn terus jalan,netral,netral
buat ikn,netral,netral
progres bangun bandara ikn nusanantia terus jalan ini landas pacu runway bandara mulai aspal,netral,netral
kait kembang energi baru baru ikn plts kapasitas mw siap operasi penuh laksana upacara hut republik indonesia datang,netral,netral
abang sayang sama ko dek klw nongol ko hari rasa runtuh ikn,netral,netral
dia bayar masalah regulasi ketua oikn juga sekarang malah dpt kerja baru sangkut ikn maen bang skycrpercity biar tahu kota naik dikit,netral,netral
ikn nusanantia guna transportasi cerdas,netral,netral
konsep transportasi ikn bas kendara listrik,netral,netral
progres bangun bandara ikn terus jalan,netral,netral
bulan mau pindah ikn agustus upacara sana percaya,netral,netral
menteri investasi bahlil sebut soal investor asing ikn apa kata dulu sekarang,netral,netral
presiden republik indonesia joko widodo laku leta batu pertama groundbreaking bangun pusat ekosistem transisi energi layan digital pertama besar tanah air pln hub jantung ibu kota negara ikn nusanantia rabu,netral,netral
ngebolehin siapa tiap masa tiap bijak pro kontra g jamin indo kaya bijak ikn akan yang kontra,netral,netral
teknologi panti akan tingkat nyaman hidup ikn nusanantia,netral,netral
erick thohir ajar bangun pusat uang ikn uea,netral,netral
proyak ikn nusanantia cipta lapang kerja signifikan indonesia,netral,netral
bulan mau pindah ikn agustus percaya,netral,netral
jubir oikn pasti video wna sebut ikn kota koruptor hoaks kaesang ipar maut arafah cerai login,netral,netral
electrizen pindah ibu kota negara ikn bukan dar diri gedung perintah merupakaan transformasi indonesia wujud adab lebih maju,netral,netral
kalau kbanyakan investor asing tar kacung yaman anak abah teriak lagiikn cuma aseng cukong dllhadehhhh,netral,netral
investor asing ikn masuk klaster dua kaesang ipar maut arafah ester cerai,netral,netral
hitung emisi kendara ikn nusanantia lebih cepat tanggap polusi,netral,netral
bangun ikn tetap jalan tidak turun target kaesang ester arafah anies cerai,netral,netral
nanti kawasan ikn nusanantia untuk kendara listrik electric vehicle ev,netral,netral
progres bangun bandara ikn nusanantia terus jalan ini landas pacu runway bandara mulai aspal,netral,netral
perilaku bohong sekarang turun anak angkuh debat capres ban statement prof mahfud md soal investor ikn kata lihat google,netral,netral
konsep transportasi ikn bas kendara listrik ipar maut susu arafah ester jerman istri,netral,netral
progres bangun bandara ikn terus jalan ipar maut susu arafah ester jerman istri,netral,netral
langkah hebat motorola ikn nusanantia,netral,netral
uji coba kereta rel ikn segera laksana ipar maut susu arafah ester jerman istri,netral,netral
bangun ikn usung konsep lanjut lgbt ipar maut kaesang ester cerai,netral,netral
itu uji coba kereta rel autonomous rail transit art akan segera laksana,positif,positif
progres bangun bandara ikn nusanantia terus jalan ini landas pacu runway bandara mulai aspal,netral,netral
progres lapang upacara ikn sangat kesan,netral,netral
lapang upacara ikn hampir rampung selamat,netral,netral
terima kasih motorola aman ikn nusanantia makin kuat,netral,netral
said didu nilai ikn pindah tukang bakso jakarta ibu kota baru bukan pindah pusat ekonomi,netral,netral
otorita ikn papar progres ikn banyuwangi ipar maut kaesang ester anies arafah,netral,netral
terima kasih motorola yakinn aman ikn nusanantia lebih baik,netral,netral
ikn nusanantia tunjuk teknologi jadi solusi masalah kota,netral,netral
bahas ikn sama sekretaris otorita ikn achmad jaka santos adiwijaya,netral,netral
lapang upacara ikn siap sambut hut ri megah,netral,netral
ikn kasi rakyat,netral,netral
progres luar biasa ikn siap sambut hut ri,netral,netral
bangun kantor presiden ikn capai persen siap guna juli ipar maut kaesang lgbt ester arafah,netral,netral
prabowo henti ikn arti ada kurang lebih triliun rugi uang negara bocor apbn besar panjang sejarah nkri,netral,netral
itu uji coba kereta rel autonomous rail transit art akan segera laksana nanti kawasan ikn nusanantia untuk kendara listrik electric vehicle ev,positif,positif
progres bangun bandara ikn nusanantia terus jalan ini landas pacu runway bandara mulai aspal,netral,netral
istana presiden ikn siap tempat presiden agustus ipar maut kaesang ester lgbt cerai,netral,netral
ikn nusanantia maju umkm,netral,netral
uji coba art ikn segera laksana,netral,netral
progres bandara ikn nusanantia terus jalan runway mulai aspal uji coba autonomous rail transit art segera laksana ikn nusanantia guna kendara listrik ev perintah swasta,positif,positif
progres bandara ikn nusanantia terus jalan runway mulai aspal uji coba autonomous rail transit art segera laksana ikn nusanantia guna kendara listrik ev perintah swasta,positif,positif
progres bandara ikn nusanantia terus jalan runway mulai aspal uji coba autonomous rail transit art segera laksana ikn nusanantia guna kendara listrik ev perintah swasta,positif,positif
ikn kan emang bahan olokolok sejak pertama muncul indon ni emang gitu apa kulit putih terus bule pokenapa e kalauk bule brati londo trs dipikire mesti wna trs pikir lemah isa dilaporlapor,netral,netral
menteri pupr siap sarana dasar ikn tarik investor asing kaesang ester ipar maut lgbt cerai,netral,netral
ikn jadi smart city,positif,netral
sekal jdi korban sekali ribut saling menyalahkandan ujung rakyat salah nanggung beban mirip ikn,netral,netral
air baku ikn punya unggul langsung minum kaesang lgbt ipar maut ester arafah,netral,netral
progres bangun bandara ikn nusanantia terus jalan nanti kawasan ikn nusanantia untuk kendara listrik electric vehicle ev,netral,netral
pernah ikm mas pernah tidur malam lokasi ikn,netral,netral
progres bangun bandara ikn nusanantia terus jalan ini landas pacu runway bandara mulai aspal,netral,netral
warga jayapura awal bangun ikn,netral,netral
konsep transportasi ikn bas kendara listrik,netral,netral
ikn adab baru nasionalisme lgbt ipar maut kaesang arafah semangka,netral,netral
ikn kota pionir transportasi cerdas,netral,netral
prestasi jabat korup mental aparat libat kriminal politis jadi komisaris mala kedok tapera ambisi mega proyak ikn nilai rupiah nyungsep tahun,negatif,netral
akibat bangun infrastruktur ikn korupsi nepotisme kuyakinn krismon lama,netral,netral
makanya cepet pindah ikn sono lift baru dah,netral,netral
teluk ikn,netral,netral
cukupbuktidia bilang singkat ikn aj banyak singkat ikn,netral,netral
progres bangun bandara ikn nusanantia terus jalan ini landas pacu runway bandara mulai aspal,netral,netral
progres bangun bandara ikn nusanantia terus jalan ini landas pacu runway bandara mulai aspal,netral,netral
progres bangun bandara ikn nusanantia terus jalan ini landas pacu runway bandara mulai aspal,netral,netral
progres bangun bandara ikn nusanantia terus jalan ini landas pacu runway bandara mulai aspal,netral,netral
progres bangun bandara ikn nusanantia terus jalan ini landas pacu runway bandara mulai aspal,netral,netral
progres bangun bandara ikn nusanantia terus jalan,netral,netral
tabir ikn lihat video saribulih,netral,netral
progres bangun bandara ikn nusanantia terus jalan ini landas pacu runway bandara mulai aspal,netral,netral
progres bangun fasilitas umum ikn nunsatara terus jalan,netral,netral
progres bangun fasilitas umum ikn nunsatara terus jalan,netral,netral
progres bangun fasilitas umum ikn nunsatara terus jalan,netral,netral
progres bangun fasilitas umum ikn nunsatara terus jalan,netral,netral
progres bangun fasilitas umum ikn nunsatara terus jalan,netral,netral
apa di banggain ikn cuma buat rumah jabat,netral,netral
valid kalau jadi cadang just in case jakarta jatuh ibukota harus tetap jakarta ikn jd backup kalau ibukota jadi pindah ikn next target langsung ikn kalau ikut logika ikn tumbang perintah tumbang sama jadi,netral,netral
ikn proyak bancak jokowi kroni lihat endingnya akan tambah masalah republik,netral,netral
kontruksi lapang upacara ikn ester joko anwar kaesang arafah ipar maut congratulations jin login jerman,netral,netral
progres bangun bandara ikn nusanantia terus jalan ini landas pacu runway bandara mulai aspal,netral,netral
nanti kawasan ikn nusanantia untuk kendara listrik electric vehicle ev,netral,netral
regime makin otoriter kritik dg olok baperan langsung lapor polisi ada kritik kalau proyak ikn dimarkup gede baper lapor polisi kalau mau kritik mau olok mau puja yo jangan jd jabat cuk tuju,netral,netral
terima kasih motorola teknologi sangat butuh ikn nusanantia,netral,netral
progres bangun bandara ikn nusanantia terus jalan ini landas pacu runway bandara mulai aspal itu uji coba kereta rel autonomous rail transit art akan segera laksana,positif,positif
buka merdeka sama buka thn bangun indonesia sentris buka ikn unt perata,netral,netral
pentidak ada ev ikn nusanantia tak asal perintah juga pihak swasta,netral,netral
pentidak ada ev ikn nusanantia tak asal perintah juga pihak swasta,netral,netral
hitung emisi ikn nusanantia lebih cepat atas masalah polusi,netral,netral
bukan cuma ikn sebut juga adil ekologiiklim ham tidak masuk sama sekal siapsiap jahat lingkung agraria ham justifikasi argumen bangun nasional mirip alam masa orde baru,netral,netral
cocok ikn hrs semua aspek trlibat amp libat sistematis cermat ukur sgala resiko apa sdh hitung baik segi ekosistem humanity benefit rugi apa akan muncul pokenapa e sluruh aspek trmasuk tak duga jelas simsalabimjadi,netral,netral
lapang upacara ikn hampir siap luar biasa,netral,netral
luar biasa motorola bawa teknologi canggih ikn nusanantia,netral,netral
pantes perintah getol bikin tapera mau ngasih sanksi kalau kerja ga mau gaji potong tapera dah buat modal bangun ikn kepalang tanggung kalau mangkrak malu sampai tiba waktu lengser,netral,netral
upadate bangun ikn ester joko anwar kaesang arafah ipar maut congratulations jin login jerman,netral,netral
harus minta maaf kan dak sebut pulau sekalimantan dia celoteh ikn kontroversi ugal ugalan pakai uang rakyat maafin om bule maksud baik otak para budak maklum iq lagi jongkenapa kena sarap gratis,netral,netral
teknologi aman motorola sangat bantu ikn nusanantia,netral,netral
ikn jadi simbol jaya jokowiinvestor antri daftar,netral,netral
mantab om buleikn ibukota koruptor nepotisme mulai tingkat lurah camat yang duduk dprmpr banyak kaum koruptornyaemang om bule orang paling berani juang sendiri lawan koruptorsalut buat om bule,netral,netral
progres bangun bandara ikn nusanantia terus jalan ini landas pacu runway bandara mulai aspal,netral,netral
progres bangun bandara ikn nusanantia terus jalan ini landas pacu runway bandara mulai aspal,netral,netral
progres bangun bandara ikn nusanantia terus jalan ini landas pacu runway bandara mulai aspal,netral,netral
pesimis ikn nusanantia rocky gerung sorot tiada investor ambisi politik,netral,netral
cctv panti bantu ikn nusanantia atur lalu lintas lebih baik,netral,netral
hut ri ikn lebih spesial lapang baru,netral,netral
reatoran bangun apa tak bakal rugikrn ikn situasi hutan paling bakal belanja orang utan sekali,netral,netral
ikn saja jadi monumen proyak gagal hambalang efek akan koruptor tangkap lingkar proyak,netral,netral
